<?xml version="1.0" encoding="UTF-8"?>
<!DOCTYPE tiles-definitions PUBLIC
		"-//Apache Software Foundation//DTD Tiles Configuration 2.0//EN"
		"http://tiles.apache.org/dtds/tiles-config_2_0.dtd">

<tiles-definitions>
    <definition name="baseLayout" template="/baseLayout.jsp">
        <put-attribute name="title" value="Information From Internet"/>
		<put-attribute name="header" value="/header.jsp"/>
		<put-attribute name="nave" value="/nave.jsp"/>
		<put-attribute name="body" value="/body.jsp"/>
		<put-attribute name="footer" value="/footer.jsp"/>
		<put-attribute name="menuleft" value="/menuleft.jsp"/>
		<put-attribute name="right" value="/right.jsp"/>
    </definition>
    <definition name="loginLayout" template="/loginLayout.jsp">
        <put-attribute name="title" value="Information From Internet"/>
		<put-attribute name="header" value="/header.jsp"/>
		<put-attribute name="body" value="/login.jsp"/>
		<put-attribute name="footer" value="/footer.jsp"/>
    </definition>
    <definition name="articleLayout" template="/articleLayout.jsp">
        <put-attribute name="content" value="/article.jsp"/>
    </definition>
    <definition name="loginLayout" template="/loginLayout.jsp">
        <put-attribute name="title" value="Login"/>
		<put-attribute name="header" value="/header.jsp"/>
		<put-attribute name="body" value="/body.jsp"/>
    </definition>
 
    <definition name="login" extends="loginLayout">
		<put-attribute name="body"   value="/login.jsp"/>
    </definition>
    <definition name="registerPage" extends="loginLayout">
		<put-attribute name="body"   value="/register.jsp"/>
    </definition>
    
     <definition name="welcome" extends="baseLayout">
		<put-attribute name="body"   value="/welcome.jsp"/>
    </definition>
   <definition name="listResult" extends="baseLayout">
		<put-attribute name="body"   value="/listResult.jsp"/>
    </definition>
    <definition name="listResults" extends="baseLayout">
		<put-attribute name="body"   value="/listResults.jsp"/>
    </definition>
    <definition name="listResults2" extends="baseLayout">
		<put-attribute name="body"   value="/listResults2.jsp"/>
    </definition>
    <definition name="article" extends="articleLayout">
		<put-attribute name="content"   value="/article.jsp"/>
    </definition>
    <definition name="sourceCode" extends="baseLayout">
		<put-attribute name="body"   value="/sourceCode.jsp"/>
    </definition>
    <definition name="welcome" extends="baseLayout">
        <put-attribute name="title"  value="Welcome"/>
		<put-attribute name="body"   value="/welcome.jsp"/>
    </definition>
    
</tiles-definitions>